<?xml version="1.0" encoding="UTF-8" standalone="no" ?>
<?xml-stylesheet href="rptstyle.xsl" type="text/xsl" ?>
<doc>
<title>I/O Register Combining Report</title>
<text>Microsemi Corporation - Microsemi Libero Software Release v11.7 SP2 (Version 11.7.2.2)</text>
<text>Date: Mon May 15 18:56:46 2017
</text>
<section><name>I/O Register Combining Summary</name></section>
<table>
<header>
</header>
</table>
<section><name>I/O DDR Register Combining Summary</name></section>
<table>
<header>
</header>
</table>
</doc>
