<?xml version="1.0" encoding="ISO-8859-1" ?>
<?xml-stylesheet type="text/xsl" href="drcss.xsl"?>
<drcreport>
  <header>SF2_MSS_sys</header>
  <drc>
    <status>D:\Microsemi\Libero_SoC_v11.7\Designer/data/drcreport\error.png</status>
    <StatusMessage>Error</StatusMessage>
    <message>Undriven Pin</message>
    <detail>Unconnected input pin SF2_MSS_sys_sb_0:GPIO_IN[2:0]</detail>
    <crossprobe>liberoaction://cross_probe/smartdesign/SF2_MSS_sys/pins/SF2_MSS_sys_sb_0:GPIO_IN</crossprobe>
  </drc>
  <drc>
    <status>D:\Microsemi\Libero_SoC_v11.7\Designer/data/drcreport\warn.png</status>
    <StatusMessage>Warning</StatusMessage>
    <message>Floating Driver</message>
    <detail>Floating output bus pin SF2_MSS_sys_sb_0:GPIO_OUT[2:0]</detail>
    <crossprobe>liberoaction://cross_probe/smartdesign/SF2_MSS_sys/pins/SF2_MSS_sys_sb_0:GPIO_OUT</crossprobe>
  </drc>
</drcreport>
