<?xml version="1.0" encoding="UTF-8" standalone="no" ?>
<?xml-stylesheet href="rptstyle.xsl" type="text/xsl" ?>
<doc>
<title>Global Net Report</title>
<text>Microsemi Corporation - Microsemi Libero Software Release v11.7 SP2 (Version 11.7.2.2)</text>
<text>Date: Sun Mar 05 14:42:54 2017
</text>
<section>
<name>Global Nets Information</name>
<table>
<header>
 <cell/>
 <cell> From </cell>
 <cell> GB Location </cell>
 <cell> Net Name </cell>
 <cell> Fanout </cell>
</header>
<row>
 <cell>1</cell>
 <cell>GB[3] </cell>
 <cell>(293, 72)</cell>
 <cell>SF2_MSS_sys_sb_0/CORERESETP_0/MSS_HPMS_READY_int_RNIDDQA/U0_YWn_GEast</cell>
 <cell>536</cell>
</row>
<row>
 <cell>2</cell>
 <cell>GB[7] </cell>
 <cell>(297, 72)</cell>
 <cell>SF2_MSS_sys_sb_0/CCC_0/GL0_INST/U0_YWn_GEast</cell>
 <cell>507</cell>
</row>
<row>
 <cell>3</cell>
 <cell>GB[6] </cell>
 <cell>(296, 72)</cell>
 <cell>SF2_MSS_sys_sb_0/CCC_0/GL1_INST/U0_YWn_GEast</cell>
 <cell>40</cell>
</row>
</table>
<text></text>
</section>
<section>
<name>I/O to GB Connections</name>
<text>(none)</text>
</section>
<section>
<name>Fabric to GB Connections</name>
<table>
<header>
 <cell/>
 <cell> From </cell>
 <cell> From Location </cell>
 <cell> To </cell>
 <cell> Net Name </cell>
 <cell> Net Type </cell>
 <cell> Fanout </cell>
</header>
<row>
 <cell>1</cell>
 <cell>SF2_MSS_sys_sb_0/CORERESETP_0/MSS_HPMS_READY_int:Q</cell>
 <cell>(613, 100)</cell>
 <cell>GB[3] </cell>
 <cell>SF2_MSS_sys_sb_0/CORERESETP_0/MSS_HPMS_READY_int</cell>
 <cell>ROUTED</cell>
 <cell>1</cell>
</row>
</table>
<text></text>
</section>
<section>
<name>CCC to GB Connections</name>
<table>
<header>
 <cell/>
 <cell> From </cell>
 <cell> From Location </cell>
 <cell>Pin Swapped for Back Annotation Only</cell>
 <cell> To </cell>
 <cell> Net Name </cell>
 <cell> Net Type </cell>
 <cell> Fanout </cell>
</header>
<row>
 <cell>1</cell>
 <cell>SF2_MSS_sys_sb_0/CCC_0/CCC_INST/INST_CCC_IP:GL0</cell>
 <cell>CCC-NW1 (18, 134)</cell>
 <cell>GL0 =&gt; GL3</cell>
 <cell>GB[7] </cell>
 <cell>SF2_MSS_sys_sb_0/CCC_0/GL0_net</cell>
 <cell>HARDWIRED</cell>
 <cell>1</cell>
</row>
<row>
 <cell>2</cell>
 <cell>SF2_MSS_sys_sb_0/CCC_0/CCC_INST/INST_CCC_IP:GL1</cell>
 <cell>CCC-NW1 (18, 134)</cell>
 <cell>GL1 =&gt; GL2</cell>
 <cell>GB[6] </cell>
 <cell>SF2_MSS_sys_sb_0/CCC_0/GL1_net</cell>
 <cell>HARDWIRED</cell>
 <cell>1</cell>
</row>
</table>
<text></text>
</section>
<section>
<name>CCC Input Connections</name>
<text>(none)</text>
</section>
<section>
<name>Local Clock Nets to RGB Connections</name>
<text>(none)</text>
</section>
<section>
<name>Global Clock Nets to RGB Connections</name>
<table>
<header>
 <cell/>
 <cell> From </cell>
 <cell> From Location </cell>
 <cell> Net Name </cell>
 <cell> Fanout </cell>
 <cell> </cell>
 <cell> RGB Location </cell>
 <cell> Local Fanout </cell>
</header>
<row>
 <cell>1</cell>
 <cell>GB[3] </cell>
 <cell>(293, 72)</cell>
 <cell>SF2_MSS_sys_sb_0/CORERESETP_0/MSS_HPMS_READY_int_RNIDDQA/U0_YWn_GEast</cell>
 <cell>536</cell>
 <cell>1</cell>
 <cell>(446, 63)</cell>
 <cell>3</cell>
</row>
<row>
 <cell> </cell>
 <cell></cell>
 <cell></cell>
 <cell></cell>
 <cell></cell>
 <cell>2</cell>
 <cell>(446, 66)</cell>
 <cell>12</cell>
</row>
<row>
 <cell> </cell>
 <cell></cell>
 <cell></cell>
 <cell></cell>
 <cell></cell>
 <cell>3</cell>
 <cell>(446, 69)</cell>
 <cell>28</cell>
</row>
<row>
 <cell> </cell>
 <cell></cell>
 <cell></cell>
 <cell></cell>
 <cell></cell>
 <cell>4</cell>
 <cell>(446, 75)</cell>
 <cell>55</cell>
</row>
<row>
 <cell> </cell>
 <cell></cell>
 <cell></cell>
 <cell></cell>
 <cell></cell>
 <cell>5</cell>
 <cell>(446, 78)</cell>
 <cell>71</cell>
</row>
<row>
 <cell> </cell>
 <cell></cell>
 <cell></cell>
 <cell></cell>
 <cell></cell>
 <cell>6</cell>
 <cell>(446, 81)</cell>
 <cell>59</cell>
</row>
<row>
 <cell> </cell>
 <cell></cell>
 <cell></cell>
 <cell></cell>
 <cell></cell>
 <cell>7</cell>
 <cell>(446, 84)</cell>
 <cell>46</cell>
</row>
<row>
 <cell> </cell>
 <cell></cell>
 <cell></cell>
 <cell></cell>
 <cell></cell>
 <cell>8</cell>
 <cell>(446, 87)</cell>
 <cell>73</cell>
</row>
<row>
 <cell> </cell>
 <cell></cell>
 <cell></cell>
 <cell></cell>
 <cell></cell>
 <cell>9</cell>
 <cell>(446, 90)</cell>
 <cell>58</cell>
</row>
<row>
 <cell> </cell>
 <cell></cell>
 <cell></cell>
 <cell></cell>
 <cell></cell>
 <cell>10</cell>
 <cell>(446, 93)</cell>
 <cell>110</cell>
</row>
<row>
 <cell> </cell>
 <cell></cell>
 <cell></cell>
 <cell></cell>
 <cell></cell>
 <cell>11</cell>
 <cell>(446, 96)</cell>
 <cell>21</cell>
</row>
<row>
 <cell>2</cell>
 <cell>GB[7] </cell>
 <cell>(297, 72)</cell>
 <cell>SF2_MSS_sys_sb_0/CCC_0/GL0_INST/U0_YWn_GEast</cell>
 <cell>507</cell>
 <cell>1</cell>
 <cell>(446, 99)</cell>
 <cell>5</cell>
</row>
<row>
 <cell> </cell>
 <cell></cell>
 <cell></cell>
 <cell></cell>
 <cell></cell>
 <cell>2</cell>
 <cell>(446, 144)</cell>
 <cell>1</cell>
</row>
<row>
 <cell> </cell>
 <cell></cell>
 <cell></cell>
 <cell></cell>
 <cell></cell>
 <cell>3</cell>
 <cell>(447, 63)</cell>
 <cell>3</cell>
</row>
<row>
 <cell> </cell>
 <cell></cell>
 <cell></cell>
 <cell></cell>
 <cell></cell>
 <cell>4</cell>
 <cell>(447, 69)</cell>
 <cell>28</cell>
</row>
<row>
 <cell> </cell>
 <cell></cell>
 <cell></cell>
 <cell></cell>
 <cell></cell>
 <cell>5</cell>
 <cell>(447, 87)</cell>
 <cell>73</cell>
</row>
<row>
 <cell> </cell>
 <cell></cell>
 <cell></cell>
 <cell></cell>
 <cell></cell>
 <cell>6</cell>
 <cell>(447, 90)</cell>
 <cell>62</cell>
</row>
<row>
 <cell> </cell>
 <cell></cell>
 <cell></cell>
 <cell></cell>
 <cell></cell>
 <cell>7</cell>
 <cell>(447, 93)</cell>
 <cell>110</cell>
</row>
<row>
 <cell> </cell>
 <cell></cell>
 <cell></cell>
 <cell></cell>
 <cell></cell>
 <cell>8</cell>
 <cell>(447, 96)</cell>
 <cell>22</cell>
</row>
<row>
 <cell> </cell>
 <cell></cell>
 <cell></cell>
 <cell></cell>
 <cell></cell>
 <cell>9</cell>
 <cell>(448, 75)</cell>
 <cell>48</cell>
</row>
<row>
 <cell> </cell>
 <cell></cell>
 <cell></cell>
 <cell></cell>
 <cell></cell>
 <cell>10</cell>
 <cell>(448, 78)</cell>
 <cell>70</cell>
</row>
<row>
 <cell> </cell>
 <cell></cell>
 <cell></cell>
 <cell></cell>
 <cell></cell>
 <cell>11</cell>
 <cell>(448, 81)</cell>
 <cell>47</cell>
</row>
<row>
 <cell> </cell>
 <cell></cell>
 <cell></cell>
 <cell></cell>
 <cell></cell>
 <cell>12</cell>
 <cell>(448, 84)</cell>
 <cell>38</cell>
</row>
<row>
 <cell>3</cell>
 <cell>GB[6] </cell>
 <cell>(296, 72)</cell>
 <cell>SF2_MSS_sys_sb_0/CCC_0/GL1_INST/U0_YWn_GEast</cell>
 <cell>40</cell>
 <cell>1</cell>
 <cell>(447, 66)</cell>
 <cell>12</cell>
</row>
<row>
 <cell> </cell>
 <cell></cell>
 <cell></cell>
 <cell></cell>
 <cell></cell>
 <cell>2</cell>
 <cell>(447, 75)</cell>
 <cell>7</cell>
</row>
<row>
 <cell> </cell>
 <cell></cell>
 <cell></cell>
 <cell></cell>
 <cell></cell>
 <cell>3</cell>
 <cell>(447, 78)</cell>
 <cell>1</cell>
</row>
<row>
 <cell> </cell>
 <cell></cell>
 <cell></cell>
 <cell></cell>
 <cell></cell>
 <cell>4</cell>
 <cell>(447, 81)</cell>
 <cell>12</cell>
</row>
<row>
 <cell> </cell>
 <cell></cell>
 <cell></cell>
 <cell></cell>
 <cell></cell>
 <cell>5</cell>
 <cell>(447, 84)</cell>
 <cell>8</cell>
</row>
</table>
<text></text>
</section>
</doc>
