<?xml version="1.0" encoding="utf-8"?> 
<!-- 
  Synopsys, Inc.
  Version J-2015.03M-SP1-2
  Project file C:\Users\Mike Klopfer\Desktop\PWM_8ch_16b_Creative\synthesis\syntmp\run_option.xml
  Written on Mon Feb 20 11:29:04 2017


--> 
<project_attribute_list name="Project Settings"> 
     <option name="project_name" display_name="Project Name">SF2_MSS_sys_syn</option>
     <option name="impl_name" display_name="Implementation Name">synthesis</option>
     <option name="top_module" display_name="Top Module">work.SF2_MSS_sys</option>
     <option name="retiming" display_name="Retiming">0</option>
     <option name="resource_sharing" display_name="Resource Sharing">1</option>
     <option name="maxfan" display_name="Fanout Guide">10000</option>
     <option name="disable_io_insertion" display_name="Disable I/O Insertion">0</option>
     <option name="symbolic_fsm_compiler" display_name="FSM Compiler">1</option>
</project_attribute_list>

