<?xml version="1.0" encoding="UTF-8" standalone="no" ?>
<?xml-stylesheet href="rptstyle.xsl" type="text/xsl" ?>
<doc>
<title>Resource Report</title>
<text>Microsemi Corporation - Microsemi Libero Software Release v11.7 SP2 (Version 11.7.2.2)</text>
<text>Date: Sun Mar 05 12:43:52 2017
</text>
<section><name>Device Selection</name></section>
<table>
<header>
</header>
<row>
 <cell>Family</cell>
 <cell>SmartFusion2</cell>
</row>
<row>
 <cell>Device</cell>
 <cell>M2S025</cell>
</row>
<row>
 <cell>Package</cell>
 <cell>256 VF</cell>
</row>
<row>
 <cell>Speed Grade</cell>
 <cell>STD</cell>
</row>
<row>
 <cell>Temp</cell>
 <cell>0:25:85</cell>
</row>
<row>
 <cell>Voltage</cell>
 <cell>1.26:1.20:1.14</cell>
</row>
<row>
 <cell>Core Voltage</cell>
 <cell>1.2V</cell>
</row>
<row>
 <cell>Ramp Rate</cell>
 <cell>100ms Minimum</cell>
</row>
<row>
 <cell>System Controller Suspend Mode</cell>
 <cell>No</cell>
</row>
<row>
 <cell>PLL Supply Voltage</cell>
 <cell>3.3V</cell>
</row>
<row>
 <cell>Default I/O technology</cell>
 <cell>LVCMOS 2.5V</cell>
</row>
<row>
 <cell>Restrict Probe Pins</cell>
 <cell>Yes</cell>
</row>
<row>
 <cell>Restrict SPI Pins</cell>
 <cell>No</cell>
</row>
</table>
<section><name>Source Files</name></section>
<table>
<header>
</header>
<row>
 <cell>Topcell</cell>
 <cell>SF2_MSS_sys</cell>
</row>
<row>
 <cell>Format</cell>
 <cell>EDIF</cell>
</row>
<row>
 <cell>Source</cell>
 <cell>C:\Users\Mike Klopfer\Desktop\NewProject\PWM_8ch_16b_Creative\synthesis\SF2_MSS_sys.edn</cell>
</row>
</table>
<section><name>Options</name></section>
<table>
<header>
</header>
<row>
 <cell>Enable Single Event Transient mitigation</cell>
 <cell>false</cell>
</row>
<row>
 <cell>Enable Design Separation Methodology</cell>
 <cell>false</cell>
</row>
<row>
 <cell>Limit the number of high fanout nets to display to</cell>
 <cell>10</cell>
</row>
</table>
<section><name>Resource Usage</name></section>
<table>
<header>
 <cell>Type</cell>
 <cell>Used</cell>
 <cell>Total</cell>
 <cell>Percentage</cell>
</header>
<row>
 <cell>4LUT</cell>
 <cell>921</cell>
 <cell>27696</cell>
 <cell>3.33</cell>
</row>
<row>
 <cell>DFF</cell>
 <cell>581</cell>
 <cell>27696</cell>
 <cell>2.10</cell>
</row>
<row>
 <cell>I/O Register</cell>
 <cell>0</cell>
 <cell>414</cell>
 <cell>0.00</cell>
</row>
<row>
 <cell>User I/O</cell>
 <cell>27</cell>
 <cell>138</cell>
 <cell>19.57</cell>
</row>
<row>
 <cell>-- Single-ended I/O</cell>
 <cell>27</cell>
 <cell>138</cell>
 <cell>19.57</cell>
</row>
<row>
 <cell>-- Differential I/O Pairs</cell>
 <cell>0</cell>
 <cell>65</cell>
 <cell>0.00</cell>
</row>
<row>
 <cell>RAM64x18</cell>
 <cell>1</cell>
 <cell>34</cell>
 <cell>2.94</cell>
</row>
<row>
 <cell>RAM1K18</cell>
 <cell>0</cell>
 <cell>31</cell>
 <cell>0.00</cell>
</row>
<row>
 <cell>MACC</cell>
 <cell>0</cell>
 <cell>34</cell>
 <cell>0.00</cell>
</row>
<row>
 <cell>Chip Globals</cell>
 <cell>3</cell>
 <cell>16</cell>
 <cell>18.75</cell>
</row>
<row>
 <cell>CCC</cell>
 <cell>1</cell>
 <cell>6</cell>
 <cell>16.67</cell>
</row>
<row>
 <cell>RCOSC_25_50MHZ</cell>
 <cell>1</cell>
 <cell>1</cell>
 <cell>100.00</cell>
</row>
<row>
 <cell>RCOSC_1MHZ</cell>
 <cell>0</cell>
 <cell>1</cell>
 <cell>0.00</cell>
</row>
<row>
 <cell>XTLOSC</cell>
 <cell>0</cell>
 <cell>1</cell>
 <cell>0.00</cell>
</row>
<row>
 <cell>MSS</cell>
 <cell>1</cell>
 <cell>1</cell>
 <cell>100.00</cell>
</row>
</table>
<section><name>Detailed Logic Resource Usage</name></section>
<table>
<header>
 <cell>Type</cell>
 <cell>4LUT</cell>
 <cell>DFF</cell>
</header>
<row>
 <cell>Fabric Logic</cell>
 <cell>885</cell>
 <cell>545</cell>
</row>
<row>
 <cell>RAM64x18 Interface Logic</cell>
 <cell>36</cell>
 <cell>36</cell>
</row>
<row>
 <cell>RAM1K18 Interface Logic</cell>
 <cell>0</cell>
 <cell>0</cell>
</row>
<row>
 <cell>MACC Interface Logic</cell>
 <cell>0</cell>
 <cell>0</cell>
</row>
<row>
 <cell>Total Used</cell>
 <cell>921</cell>
 <cell>581</cell>
</row>
</table>
<section><name>MSS Resource Usage</name></section>
<table>
<header>
 <cell>Type</cell>
 <cell>Used</cell>
 <cell>Total</cell>
</header>
<row>
 <cell>Cortex-M3*</cell>
 <cell>1</cell>
 <cell>1</cell>
</row>
<row>
 <cell>eNVM (256KB)*</cell>
 <cell>1</cell>
 <cell>1</cell>
</row>
<row>
 <cell>eSRAM*</cell>
 <cell>2</cell>
 <cell>2</cell>
</row>
<row>
 <cell>TIMER*</cell>
 <cell>2</cell>
 <cell>2</cell>
</row>
<row>
 <cell>CAN</cell>
 <cell>0</cell>
 <cell>1</cell>
</row>
<row>
 <cell>SPI</cell>
 <cell>1</cell>
 <cell>2</cell>
</row>
<row>
 <cell>I2C</cell>
 <cell>0</cell>
 <cell>2</cell>
</row>
<row>
 <cell>UART</cell>
 <cell>0</cell>
 <cell>2</cell>
</row>
<row>
 <cell>USB</cell>
 <cell>0</cell>
 <cell>1</cell>
</row>
<row>
 <cell>MAC</cell>
 <cell>0</cell>
 <cell>1</cell>
</row>
<row>
 <cell>MDDR</cell>
 <cell>0</cell>
 <cell>1</cell>
</row>
<row>
 <cell>HPDMA</cell>
 <cell>0</cell>
 <cell>1</cell>
</row>
<row>
 <cell>PDMA</cell>
 <cell>0</cell>
 <cell>1</cell>
</row>
</table>
<text>* These resources are always marked as used when you are using the MSS</text>
<text></text>
<section><name>Detailed Carry Chains Resource Usage</name></section>
<table>
<header>
</header>
<row>
 <cell>Length</cell>
 <cell>Used</cell>
</row>
<row>
 <cell>9</cell>
 <cell>25</cell>
</row>
<row>
 <cell>14</cell>
 <cell>1</cell>
</row>
<row>
 <cell>16</cell>
 <cell>2</cell>
</row>
<row>
 <cell>17</cell>
 <cell>3</cell>
</row>
<row>
 <cell>Total</cell>
 <cell>31</cell>
</row>
</table>
<section><name>I/O Function</name></section>
<table>
<header>
 <cell>Type</cell>
 <cell>w/o register</cell>
 <cell>w/ register</cell>
 <cell>w/ DDR register</cell>
</header>
<row>
 <cell>Input I/O</cell>
 <cell>7</cell>
 <cell>0</cell>
 <cell>0</cell>
</row>
<row>
 <cell>Output I/O</cell>
 <cell>20</cell>
 <cell>0</cell>
 <cell>0</cell>
</row>
<row>
 <cell>Bidirectional I/O</cell>
 <cell>0</cell>
 <cell>0</cell>
 <cell>0</cell>
</row>
<row>
 <cell>Differential Input I/O Pairs</cell>
 <cell>0</cell>
 <cell>0</cell>
 <cell>0</cell>
</row>
<row>
 <cell>Differential Output I/O Pairs</cell>
 <cell>0</cell>
 <cell>0</cell>
 <cell>0</cell>
</row>
</table>
<section><name>I/O Technology</name></section>
<table>
<header>
 <cell>I/O Standard</cell>
 <cell>Vddi</cell>
 <cell>Vref</cell>
 <cell>Input</cell>
 <cell>Output</cell>
 <cell>Bidirectional</cell>
</header>
<row>
 <cell>LVCMOS25</cell>
 <cell> 2.50v</cell>
 <cell> N/A</cell>
 <cell> 7</cell>
 <cell> 20</cell>
 <cell> 0</cell>
</row>
</table>
<section><name>I/O Placement</name></section>
<table>
<header>
 <cell>Type</cell>
 <cell>Count</cell>
 <cell>Percentage</cell>
</header>
<row>
 <cell>Locked</cell>
 <cell> 0</cell>
 <cell>0.00%</cell>
</row>
<row>
 <cell>Placed</cell>
 <cell> 0</cell>
 <cell>0.00%</cell>
</row>
<row>
 <cell>UnPlaced</cell>
 <cell> 27</cell>
 <cell>100.00%</cell>
</row>
</table>
<section><name>Nets assigned to chip global resources</name></section>
<table>
<header>
 <cell>Fanout</cell>
 <cell>Type</cell>
 <cell>Name</cell>
</header>
<row>
 <cell>536</cell>
 <cell>INT_NET</cell>
 <cell>Net   : SF2_MSS_sys_sb_0/MSS_READY</cell>
</row>
<row>
 <cell></cell>
 <cell></cell>
 <cell>Driver: SF2_MSS_sys_sb_0/CORERESETP_0/MSS_HPMS_READY_int_RNIDDQA/U0_RGB1</cell>
</row>
<row>
 <cell></cell>
 <cell></cell>
 <cell>Source: NETLIST</cell>
</row>
<row>
 <cell>507</cell>
 <cell>INT_NET</cell>
 <cell>Net   : SF2_MSS_sys_sb_0/FAB_CCC_GL0</cell>
</row>
<row>
 <cell></cell>
 <cell></cell>
 <cell>Driver: SF2_MSS_sys_sb_0/CCC_0/GL0_INST/U0_RGB1</cell>
</row>
<row>
 <cell></cell>
 <cell></cell>
 <cell>Source: NETLIST</cell>
</row>
<row>
 <cell>40</cell>
 <cell>INT_NET</cell>
 <cell>Net   : SF2_MSS_sys_sb_0/CCC_0_GL1</cell>
</row>
<row>
 <cell></cell>
 <cell></cell>
 <cell>Driver: SF2_MSS_sys_sb_0/CCC_0/GL1_INST/U0_RGB1</cell>
</row>
<row>
 <cell></cell>
 <cell></cell>
 <cell>Source: NETLIST</cell>
</row>
</table>
<section><name>Nets assigned to row global resources</name></section>
<table>
<header>
 <cell>Fanout</cell>
 <cell>Type</cell>
 <cell>Name</cell>
</header>
</table>
<section><name>High fanout nets</name></section>
<table>
<header>
 <cell>Fanout</cell>
 <cell>Type</cell>
 <cell>Name</cell>
</header>
<row>
 <cell>180</cell>
 <cell>INT_NET</cell>
 <cell>Net   : SF2_MSS_sys_sb_0/CoreAPB3_0_APBmslave0_PADDR[3]</cell>
</row>
<row>
 <cell></cell>
 <cell></cell>
 <cell>Driver: SF2_MSS_sys_sb_0/SF2_MSS_sys_sb_MSS_0/MSS_ADLIB_INST</cell>
</row>
<row>
 <cell>109</cell>
 <cell>INT_NET</cell>
 <cell>Net   : SF2_MSS_sys_sb_0/CoreAPB3_0_APBmslave0_PADDR[2]</cell>
</row>
<row>
 <cell></cell>
 <cell></cell>
 <cell>Driver: SF2_MSS_sys_sb_0/SF2_MSS_sys_sb_MSS_0/MSS_ADLIB_INST</cell>
</row>
<row>
 <cell>56</cell>
 <cell>INT_NET</cell>
 <cell>Net   : SF2_MSS_sys_sb_0/CoreAPB3_0_APBmslave0_PADDR[4]</cell>
</row>
<row>
 <cell></cell>
 <cell></cell>
 <cell>Driver: SF2_MSS_sys_sb_0/SF2_MSS_sys_sb_MSS_0/MSS_ADLIB_INST</cell>
</row>
<row>
 <cell>47</cell>
 <cell>INT_NET</cell>
 <cell>Net   : SF2_MSS_sys_sb_0/CoreAPB3_0_APBmslave0_PADDR[6]</cell>
</row>
<row>
 <cell></cell>
 <cell></cell>
 <cell>Driver: SF2_MSS_sys_sb_0/SF2_MSS_sys_sb_MSS_0/MSS_ADLIB_INST</cell>
</row>
<row>
 <cell>42</cell>
 <cell>INT_NET</cell>
 <cell>Net   : SF2_MSS_sys_sb_0/corepwm_0_0/sync_pulse_1</cell>
</row>
<row>
 <cell></cell>
 <cell></cell>
 <cell>Driver: SF2_MSS_sys_sb_0/corepwm_0_0/G0b.timebase_inst/sync_pulse_1_cry_0</cell>
</row>
<row>
 <cell>38</cell>
 <cell>INT_NET</cell>
 <cell>Net   : SF2_MSS_sys_sb_0/CoreAPB3_0_APBmslave0_PADDR[5]</cell>
</row>
<row>
 <cell></cell>
 <cell></cell>
 <cell>Driver: SF2_MSS_sys_sb_0/SF2_MSS_sys_sb_MSS_0/MSS_ADLIB_INST</cell>
</row>
<row>
 <cell>33</cell>
 <cell>INT_NET</cell>
 <cell>Net   : SF2_MSS_sys_sb_0/CoreAPB3_0_APBmslave0_PADDR[7]</cell>
</row>
<row>
 <cell></cell>
 <cell></cell>
 <cell>Driver: SF2_MSS_sys_sb_0/SF2_MSS_sys_sb_MSS_0/MSS_ADLIB_INST</cell>
</row>
<row>
 <cell>33</cell>
 <cell>INT_NET</cell>
 <cell>Net   : SF2_MSS_sys_sb_0/CoreAPB3_0_APBmslave0_PWDATA[0]</cell>
</row>
<row>
 <cell></cell>
 <cell></cell>
 <cell>Driver: SF2_MSS_sys_sb_0/SF2_MSS_sys_sb_MSS_0/MSS_ADLIB_INST</cell>
</row>
<row>
 <cell>32</cell>
 <cell>INT_NET</cell>
 <cell>Net   : SF2_MSS_sys_sb_0/CoreAPB3_0_APBmslave0_PSELx</cell>
</row>
<row>
 <cell></cell>
 <cell></cell>
 <cell>Driver: SF2_MSS_sys_sb_0/CoreAPB3_0/iPSELS_raw_0_a2[0]</cell>
</row>
<row>
 <cell>32</cell>
 <cell>INT_NET</cell>
 <cell>Net   : SF2_MSS_sys_sb_0/CoreAPB3_0_APBmslave0_PWDATA[1]</cell>
</row>
<row>
 <cell></cell>
 <cell></cell>
 <cell>Driver: SF2_MSS_sys_sb_0/SF2_MSS_sys_sb_MSS_0/MSS_ADLIB_INST</cell>
</row>
</table>
<section><name>High fanout nets (through buffer trees)</name></section>
<table>
<header>
 <cell>Fanout</cell>
 <cell>Type</cell>
 <cell>Name</cell>
</header>
<row>
 <cell>180</cell>
 <cell>INT_NET</cell>
 <cell>Net   : SF2_MSS_sys_sb_0/CoreAPB3_0_APBmslave0_PADDR[3]</cell>
</row>
<row>
 <cell></cell>
 <cell></cell>
 <cell>Driver: SF2_MSS_sys_sb_0/SF2_MSS_sys_sb_MSS_0/MSS_ADLIB_INST</cell>
</row>
<row>
 <cell>109</cell>
 <cell>INT_NET</cell>
 <cell>Net   : SF2_MSS_sys_sb_0/CoreAPB3_0_APBmslave0_PADDR[2]</cell>
</row>
<row>
 <cell></cell>
 <cell></cell>
 <cell>Driver: SF2_MSS_sys_sb_0/SF2_MSS_sys_sb_MSS_0/MSS_ADLIB_INST</cell>
</row>
<row>
 <cell>56</cell>
 <cell>INT_NET</cell>
 <cell>Net   : SF2_MSS_sys_sb_0/CoreAPB3_0_APBmslave0_PADDR[4]</cell>
</row>
<row>
 <cell></cell>
 <cell></cell>
 <cell>Driver: SF2_MSS_sys_sb_0/SF2_MSS_sys_sb_MSS_0/MSS_ADLIB_INST</cell>
</row>
<row>
 <cell>47</cell>
 <cell>INT_NET</cell>
 <cell>Net   : SF2_MSS_sys_sb_0/CoreAPB3_0_APBmslave0_PADDR[6]</cell>
</row>
<row>
 <cell></cell>
 <cell></cell>
 <cell>Driver: SF2_MSS_sys_sb_0/SF2_MSS_sys_sb_MSS_0/MSS_ADLIB_INST</cell>
</row>
<row>
 <cell>42</cell>
 <cell>INT_NET</cell>
 <cell>Net   : SF2_MSS_sys_sb_0/corepwm_0_0/sync_pulse_1</cell>
</row>
<row>
 <cell></cell>
 <cell></cell>
 <cell>Driver: SF2_MSS_sys_sb_0/corepwm_0_0/G0b.timebase_inst/sync_pulse_1_cry_0</cell>
</row>
<row>
 <cell>38</cell>
 <cell>INT_NET</cell>
 <cell>Net   : SF2_MSS_sys_sb_0/CoreAPB3_0_APBmslave0_PADDR[5]</cell>
</row>
<row>
 <cell></cell>
 <cell></cell>
 <cell>Driver: SF2_MSS_sys_sb_0/SF2_MSS_sys_sb_MSS_0/MSS_ADLIB_INST</cell>
</row>
<row>
 <cell>33</cell>
 <cell>INT_NET</cell>
 <cell>Net   : SF2_MSS_sys_sb_0/CoreAPB3_0_APBmslave0_PADDR[7]</cell>
</row>
<row>
 <cell></cell>
 <cell></cell>
 <cell>Driver: SF2_MSS_sys_sb_0/SF2_MSS_sys_sb_MSS_0/MSS_ADLIB_INST</cell>
</row>
<row>
 <cell>33</cell>
 <cell>INT_NET</cell>
 <cell>Net   : SF2_MSS_sys_sb_0/CoreAPB3_0_APBmslave0_PWDATA[0]</cell>
</row>
<row>
 <cell></cell>
 <cell></cell>
 <cell>Driver: SF2_MSS_sys_sb_0/SF2_MSS_sys_sb_MSS_0/MSS_ADLIB_INST</cell>
</row>
<row>
 <cell>32</cell>
 <cell>INT_NET</cell>
 <cell>Net   : SF2_MSS_sys_sb_0/CoreAPB3_0_APBmslave0_PSELx</cell>
</row>
<row>
 <cell></cell>
 <cell></cell>
 <cell>Driver: SF2_MSS_sys_sb_0/CoreAPB3_0/iPSELS_raw_0_a2[0]</cell>
</row>
<row>
 <cell>32</cell>
 <cell>INT_NET</cell>
 <cell>Net   : SF2_MSS_sys_sb_0/CoreAPB3_0_APBmslave0_PWDATA[1]</cell>
</row>
<row>
 <cell></cell>
 <cell></cell>
 <cell>Driver: SF2_MSS_sys_sb_0/SF2_MSS_sys_sb_MSS_0/MSS_ADLIB_INST</cell>
</row>
</table>
</doc>
