<?xml version="1.0" encoding="UTF-8" standalone="no" ?>
<?xml-stylesheet href="rptstyle.xsl" type="text/xsl" ?>
<doc>
<text>SmartTime Version 11.7.2.2</text>
<text>Microsemi Corporation - Microsemi Libero Software Release v11.7 SP2 (Version 11.7.2.2)
Date: Sat Feb 04 19:14:51 2017 </text>
<table>
<header>
</header>
<row>
 <cell>Design</cell>
 <cell>SF2_MSS_sys</cell>
</row>
<row>
 <cell>Family</cell>
 <cell>SmartFusion2</cell>
</row>
<row>
 <cell>Die</cell>
 <cell>M2S025</cell>
</row>
<row>
 <cell>Package</cell>
 <cell>256 VF</cell>
</row>
<row>
 <cell>Temperature Range</cell>
 <cell>0 - 85 C</cell>
</row>
<row>
 <cell>Voltage Range</cell>
 <cell>1.14 - 1.26 V</cell>
</row>
<row>
 <cell>Speed Grade</cell>
 <cell>STD</cell>
</row>
</table>
<text></text>
<text></text>
<section>
<name>Coverage Summary</name>
<text></text>
<table>
<header>
 <cell>Type of check</cell>
 <cell>Constrained</cell>
 <cell>UnConstrained</cell>
 <cell>Total</cell>
</header>
<row>
 <cell>Setup</cell>
 <cell>          291</cell>
 <cell>            2</cell>
 <cell>          293</cell>
</row>
<row>
 <cell>Recovery</cell>
 <cell>          141</cell>
 <cell>            6</cell>
 <cell>          147</cell>
</row>
<row>
 <cell>Output Setup</cell>
 <cell>            0</cell>
 <cell>           14</cell>
 <cell>           14</cell>
</row>
<row>
 <cell>Total Setup</cell>
 <cell>          432</cell>
 <cell>           22</cell>
 <cell>          454</cell>
</row>
<separator/>
<row>
 <cell>Hold</cell>
 <cell>          291</cell>
 <cell>            2</cell>
 <cell>          293</cell>
</row>
<row>
 <cell>Removal</cell>
 <cell>          141</cell>
 <cell>            6</cell>
 <cell>          147</cell>
</row>
<row>
 <cell>Output Hold</cell>
 <cell>            0</cell>
 <cell>           14</cell>
 <cell>           14</cell>
</row>
<row>
 <cell>Total Hold</cell>
 <cell>          432</cell>
 <cell>           22</cell>
 <cell>          454</cell>
</row>
</table>
<section>
<name>Clock domain: </name>
<text>SF2_MSS_sys_sb_0/CCC_0/GL0</text>
<text></text>
<table>
<header>
 <cell>Type of check</cell>
 <cell>Constrained</cell>
 <cell>UnConstrained</cell>
 <cell>Total</cell>
</header>
<row>
 <cell>Setup</cell>
 <cell>          240</cell>
 <cell>            2</cell>
 <cell>          242</cell>
</row>
<row>
 <cell>Recovery</cell>
 <cell>          112</cell>
 <cell>            6</cell>
 <cell>          118</cell>
</row>
<row>
 <cell>Output Setup</cell>
 <cell>            0</cell>
 <cell>            8</cell>
 <cell>            8</cell>
</row>
<row>
 <cell>Total Setup</cell>
 <cell>          352</cell>
 <cell>           16</cell>
 <cell>          368</cell>
</row>
<separator/>
<row>
 <cell>Hold</cell>
 <cell>          240</cell>
 <cell>            2</cell>
 <cell>          242</cell>
</row>
<row>
 <cell>Removal</cell>
 <cell>          112</cell>
 <cell>            6</cell>
 <cell>          118</cell>
</row>
<row>
 <cell>Output Hold</cell>
 <cell>            0</cell>
 <cell>            8</cell>
 <cell>            8</cell>
</row>
<row>
 <cell>Total Hold</cell>
 <cell>          352</cell>
 <cell>           16</cell>
 <cell>          368</cell>
</row>
</table>
<section>
<name>Enhancement Suggestions</name>
<text></text>
<text> - Max input delay constraint missing on  ports:</text>
<text>   </text>
<list>
 <item>GPIO_1_F2M</item>
 <item>MMUART_0_RXD_F2M</item>
</list>
<text></text>
<text> - Min input delay constraint missing on  ports:</text>
<text>   </text>
<list>
 <item>GPIO_1_F2M</item>
 <item>MMUART_0_RXD_F2M</item>
</list>
<text></text>
<text></text>
<text> - Max output delay constraint missing on  ports:</text>
<text>   </text>
<list>
 <item>GPIO_0_M2F</item>
 <item>MMUART_0_TXD_M2F</item>
 <item>PWM[0]</item>
 <item>PWM[1]</item>
 <item>PWM[2]</item>
 <item>PWM[3]</item>
 <item>PWM[4]</item>
 <item>PWM[5]</item>
</list>
<text></text>
<text> - Min output delay constraint missing on  ports:</text>
<text>   </text>
<list>
 <item>GPIO_0_M2F</item>
 <item>MMUART_0_TXD_M2F</item>
 <item>PWM[0]</item>
 <item>PWM[1]</item>
 <item>PWM[2]</item>
 <item>PWM[3]</item>
 <item>PWM[4]</item>
 <item>PWM[5]</item>
</list>
<text></text>
<text></text>
<text> - Setup uncconstrained for the following pins:</text>
<text>   </text>
<list>
 <item>SF2_MSS_sys_sb_0/SF2_MSS_sys_sb_MSS_0/MSS_ADLIB_INST/INST_MSS_025_IP:MGPIO1A_F2H_GPIN</item>
 <item>SF2_MSS_sys_sb_0/SF2_MSS_sys_sb_MSS_0/MSS_ADLIB_INST/INST_MSS_025_IP:MMUART0_RXD_F2H_SCP</item>
</list>
<text></text>
<text> - Recovery uncconstrained for the following pins:</text>
<text>   </text>
<list>
 <item>SF2_MSS_sys_sb_0/CORERESETP_0/FIC_2_APB_M_PRESET_N_clk_base:ALn</item>
 <item>SF2_MSS_sys_sb_0/CORERESETP_0/FIC_2_APB_M_PRESET_N_q1:ALn</item>
 <item>SF2_MSS_sys_sb_0/CORERESETP_0/POWER_ON_RESET_N_clk_base:ALn</item>
 <item>SF2_MSS_sys_sb_0/CORERESETP_0/POWER_ON_RESET_N_q1:ALn</item>
 <item>SF2_MSS_sys_sb_0/CORERESETP_0/RESET_N_M2F_clk_base:ALn</item>
 <item>SF2_MSS_sys_sb_0/CORERESETP_0/RESET_N_M2F_q1:ALn</item>
</list>
<text></text>
<text> - Hold uncconstrained for the following pins:</text>
<text>   </text>
<list>
 <item>SF2_MSS_sys_sb_0/SF2_MSS_sys_sb_MSS_0/MSS_ADLIB_INST/INST_MSS_025_IP:MGPIO1A_F2H_GPIN</item>
 <item>SF2_MSS_sys_sb_0/SF2_MSS_sys_sb_MSS_0/MSS_ADLIB_INST/INST_MSS_025_IP:MMUART0_RXD_F2H_SCP</item>
</list>
<text></text>
<text> - Removal uncconstrained for the following pins:</text>
<text>   </text>
<list>
 <item>SF2_MSS_sys_sb_0/CORERESETP_0/FIC_2_APB_M_PRESET_N_clk_base:ALn</item>
 <item>SF2_MSS_sys_sb_0/CORERESETP_0/FIC_2_APB_M_PRESET_N_q1:ALn</item>
 <item>SF2_MSS_sys_sb_0/CORERESETP_0/POWER_ON_RESET_N_clk_base:ALn</item>
 <item>SF2_MSS_sys_sb_0/CORERESETP_0/POWER_ON_RESET_N_q1:ALn</item>
 <item>SF2_MSS_sys_sb_0/CORERESETP_0/RESET_N_M2F_clk_base:ALn</item>
 <item>SF2_MSS_sys_sb_0/CORERESETP_0/RESET_N_M2F_q1:ALn</item>
</list>
<text></text>
</section>
</section>
<section>
<name>Clock domain: </name>
<text>SF2_MSS_sys_sb_0/CCC_0/GL1</text>
<text></text>
<table>
<header>
 <cell>Type of check</cell>
 <cell>Constrained</cell>
 <cell>UnConstrained</cell>
 <cell>Total</cell>
</header>
<row>
 <cell>Setup</cell>
 <cell>           51</cell>
 <cell>            0</cell>
 <cell>           51</cell>
</row>
<row>
 <cell>Recovery</cell>
 <cell>           29</cell>
 <cell>            0</cell>
 <cell>           29</cell>
</row>
<row>
 <cell>Output Setup</cell>
 <cell>            0</cell>
 <cell>            6</cell>
 <cell>            6</cell>
</row>
<row>
 <cell>Total Setup</cell>
 <cell>           80</cell>
 <cell>            6</cell>
 <cell>           86</cell>
</row>
<separator/>
<row>
 <cell>Hold</cell>
 <cell>           51</cell>
 <cell>            0</cell>
 <cell>           51</cell>
</row>
<row>
 <cell>Removal</cell>
 <cell>           29</cell>
 <cell>            0</cell>
 <cell>           29</cell>
</row>
<row>
 <cell>Output Hold</cell>
 <cell>            0</cell>
 <cell>            6</cell>
 <cell>            6</cell>
</row>
<row>
 <cell>Total Hold</cell>
 <cell>           80</cell>
 <cell>            6</cell>
 <cell>           86</cell>
</row>
</table>
<section>
<name>Enhancement Suggestions</name>
<text></text>
<text></text>
<text> - Max output delay constraint missing on  ports:</text>
<text>   </text>
<list>
 <item>PWM[0]</item>
 <item>PWM[1]</item>
 <item>PWM[2]</item>
 <item>PWM[3]</item>
 <item>PWM[4]</item>
 <item>PWM[5]</item>
</list>
<text></text>
<text> - Min output delay constraint missing on  ports:</text>
<text>   </text>
<list>
 <item>PWM[0]</item>
 <item>PWM[1]</item>
 <item>PWM[2]</item>
 <item>PWM[3]</item>
 <item>PWM[4]</item>
 <item>PWM[5]</item>
</list>
<text></text>
<text></text>
</section>
</section>
<section>
<name>Clock domain: </name>
<text>SF2_MSS_sys_sb_0/FABOSC_0/I_RCOSC_25_50MHZ/CLKOUT</text>
<text></text>
<table>
<header>
 <cell>Type of check</cell>
 <cell>Constrained</cell>
 <cell>UnConstrained</cell>
 <cell>Total</cell>
</header>
<row>
 <cell>Setup</cell>
 <cell>            0</cell>
 <cell>            0</cell>
 <cell>            0</cell>
</row>
<row>
 <cell>Recovery</cell>
 <cell>            0</cell>
 <cell>            0</cell>
 <cell>            0</cell>
</row>
<row>
 <cell>Output Setup</cell>
 <cell>            0</cell>
 <cell>            0</cell>
 <cell>            0</cell>
</row>
<row>
 <cell>Total Setup</cell>
 <cell>            0</cell>
 <cell>            0</cell>
 <cell>            0</cell>
</row>
<separator/>
<row>
 <cell>Hold</cell>
 <cell>            0</cell>
 <cell>            0</cell>
 <cell>            0</cell>
</row>
<row>
 <cell>Removal</cell>
 <cell>            0</cell>
 <cell>            0</cell>
 <cell>            0</cell>
</row>
<row>
 <cell>Output Hold</cell>
 <cell>            0</cell>
 <cell>            0</cell>
 <cell>            0</cell>
</row>
<row>
 <cell>Total Hold</cell>
 <cell>            0</cell>
 <cell>            0</cell>
 <cell>            0</cell>
</row>
</table>
</section>
<section>
<name>Input to Output</name>
<table>
<header>
 <cell>Type of check</cell>
 <cell>Constrained</cell>
 <cell>UnConstrained</cell>
 <cell>Total</cell>
</header>
<row>
 <cell>Output Setup</cell>
 <cell>            0</cell>
 <cell>            0</cell>
 <cell>            0</cell>
</row>
<separator/>
<row>
 <cell>Output Hold</cell>
 <cell>            0</cell>
 <cell>            0</cell>
 <cell>            0</cell>
</row>
</table>
</section>
</section>
</doc>
