Detailed Resource Usage
Module Name,Fabric 4LUT,Fabric DFF,Single-Ended I/O,PLLs and CCCs,Chip Globals,MSS,10/100/1000 Ethernet,HS USB,Multi-Mode UART,RCOSC_50MHZ
Primitives/Primitives,0,0,10,0,0,0,0,0,0,0
SF2_MSS_sys_sb_0/CCC_0/Primitives,0,0,0,1,2,0,0,0,0,0
SF2_MSS_sys_sb_0/CORERESETP_0/Primitives,2,9,0,0,1,0,0,0,0,0
SF2_MSS_sys_sb_0/CoreAPB3_0/Primitives,2,0,0,0,0,0,0,0,0,0
SF2_MSS_sys_sb_0/CoreAPB3_0/u_mux_p_to_b3/Primitives,117,0,0,0,0,0,0,0,0,0
SF2_MSS_sys_sb_0/FABOSC_0/Primitives,0,0,0,0,0,0,0,0,0,1
SF2_MSS_sys_sb_0/SF2_MSS_sys_sb_MSS_0/Primitives,0,0,0,0,0,1,0,0,0,0
SF2_MSS_sys_sb_0/corepwm_0_0/G0b.timebase_inst/Primitives,32,23,0,0,0,0,0,0,0,0
SF2_MSS_sys_sb_0/corepwm_0_0/Primitives,3,6,0,0,0,0,0,0,0,0
SF2_MSS_sys_sb_0/corepwm_0_0/xhdl58.reg_if_inst/Primitives,37,103,0,0,0,0,0,0,0,0
SF2_MSS_sys_sb_0/corepwm_0_0/xhdl63.pwm_gen_inst/Primitives,124,6,0,0,0,0,0,0,0,0
